{
  "hausdorff": 0.03335414558259742,
  "rms": 0.010556150410058624
}